Code Domaine,Domaine,Code zone (FAO),Zone,Code Élément,Élément,Code Produit,Produit,Code année,Année,Unité,Valeur,Symbole,Description du Symbole,Note
"MK","Indicateurs macro","2","Afghanistan","6110","Valeur US $","22008","Produit Intérieur Brut","2019","2019","millions","17876.546427","X","Sources internationales sûres",""
"MK","Indicateurs macro","2","Afghanistan","6129","Croissance annuelle US$","22008","Produit Intérieur Brut","2019","2019","%","-0.613895","Fc","Donnée calculée",""
"MK","Indicateurs macro","202","Afrique du Sud","6110","Valeur US $","22008","Produit Intérieur Brut","2019","2019","millions","351430.991183","X","Sources internationales sûres",""
"MK","Indicateurs macro","202","Afrique du Sud","6129","Croissance annuelle US$","22008","Produit Intérieur Brut","2019","2019","%","-4.526818","Fc","Donnée calculée",""
"MK","Indicateurs macro","3","Albanie","6110","Valeur US $","22008","Produit Intérieur Brut","2019","2019","millions","15278.072762","X","Sources internationales sûres",""
"MK","Indicateurs macro","3","Albanie","6129","Croissance annuelle US$","22008","Produit Intérieur Brut","2019","2019","%","0.86517","Fc","Donnée calculée",""
"MK","Indicateurs macro","4","Algérie","6110","Valeur US $","22008","Produit Intérieur Brut","2019","2019","millions","171157.863119","X","Sources internationales sûres",""
"MK","Indicateurs macro","4","Algérie","6129","Croissance annuelle US$","22008","Produit Intérieur Brut","2019","2019","%","-2.426895","Fc","Donnée calculée",""
"MK","Indicateurs macro","79","Allemagne","6110","Valeur US $","22008","Produit Intérieur Brut","2019","2019","millions","3861123.558039","X","Sources internationales sûres",""
"MK","Indicateurs macro","79","Allemagne","6129","Croissance annuelle US$","22008","Produit Intérieur Brut","2019","2019","%","-2.589556","Fc","Donnée calculée",""
"MK","Indicateurs macro","6","Andorre","6110","Valeur US $","22008","Produit Intérieur Brut","2019","2019","millions","3154.137481","X","Sources internationales sûres",""
"MK","Indicateurs macro","6","Andorre","6129","Croissance annuelle US$","22008","Produit Intérieur Brut","2019","2019","%","-1.997315","Fc","Donnée calculée",""
"MK","Indicateurs macro","7","Angola","6110","Valeur US $","22008","Produit Intérieur Brut","2019","2019","millions","85000.612455","X","Sources internationales sûres",""
"MK","Indicateurs macro","7","Angola","6129","Croissance annuelle US$","22008","Produit Intérieur Brut","2019","2019","%","-16.134268","Fc","Donnée calculée",""
"MK","Indicateurs macro","258","Anguilla","6110","Valeur US $","22008","Produit Intérieur Brut","2019","2019","millions","379.58436","X","Sources internationales sûres",""
"MK","Indicateurs macro","258","Anguilla","6129","Croissance annuelle US$","22008","Produit Intérieur Brut","2019","2019","%","18.439879","Fc","Donnée calculée",""
"MK","Indicateurs macro","8","Antigua-et-Barbuda","6110","Valeur US $","22008","Produit Intérieur Brut","2019","2019","millions","1661.962963","X","Sources internationales sûres",""
"MK","Indicateurs macro","8","Antigua-et-Barbuda","6129","Croissance annuelle US$","22008","Produit Intérieur Brut","2019","2019","%","3.526399","Fc","Donnée calculée",""
"MK","Indicateurs macro","194","Arabie saoudite","6110","Valeur US $","22008","Produit Intérieur Brut","2019","2019","millions","792966.956659","X","Sources internationales sûres",""
"MK","Indicateurs macro","194","Arabie saoudite","6129","Croissance annuelle US$","22008","Produit Intérieur Brut","2019","2019","%","0.819446","Fc","Donnée calculée",""
"MK","Indicateurs macro","9","Argentine","6110","Valeur US $","22008","Produit Intérieur Brut","2019","2019","millions","449663.524782","X","Sources internationales sûres",""
"MK","Indicateurs macro","9","Argentine","6129","Croissance annuelle US$","22008","Produit Intérieur Brut","2019","2019","%","-13.5049","Fc","Donnée calculée",""
"MK","Indicateurs macro","1","Arménie","6110","Valeur US $","22008","Produit Intérieur Brut","2019","2019","millions","13672.801339","X","Sources internationales sûres",""
"MK","Indicateurs macro","1","Arménie","6129","Croissance annuelle US$","22008","Produit Intérieur Brut","2019","2019","%","9.751697","Fc","Donnée calculée",""
"MK","Indicateurs macro","22","Aruba","6110","Valeur US $","22008","Produit Intérieur Brut","2019","2019","millions","3293.04581","X","Sources internationales sûres",""
"MK","Indicateurs macro","22","Aruba","6129","Croissance annuelle US$","22008","Produit Intérieur Brut","2019","2019","%","2.807028","Fc","Donnée calculée",""
"MK","Indicateurs macro","10","Australie","6110","Valeur US $","22008","Produit Intérieur Brut","2019","2019","millions","1380207.832899","X","Sources internationales sûres",""
"MK","Indicateurs macro","10","Australie","6129","Croissance annuelle US$","22008","Produit Intérieur Brut","2019","2019","%","-5.397355","Fc","Donnée calculée",""
"MK","Indicateurs macro","11","Autriche","6110","Valeur US $","22008","Produit Intérieur Brut","2019","2019","millions","445075.391688","X","Sources internationales sûres",""
"MK","Indicateurs macro","11","Autriche","6129","Croissance annuelle US$","22008","Produit Intérieur Brut","2019","2019","%","-2.201622","Fc","Donnée calculée",""
"MK","Indicateurs macro","52","Azerbaïdjan","6110","Valeur US $","22008","Produit Intérieur Brut","2019","2019","millions","48047.647059","X","Sources internationales sûres",""
"MK","Indicateurs macro","52","Azerbaïdjan","6129","Croissance annuelle US$","22008","Produit Intérieur Brut","2019","2019","%","1.984968","Fc","Donnée calculée",""
"MK","Indicateurs macro","12","Bahamas","6110","Valeur US $","22008","Produit Intérieur Brut","2019","2019","millions","13578.8","X","Sources internationales sûres",""
"MK","Indicateurs macro","12","Bahamas","6129","Croissance annuelle US$","22008","Produit Intérieur Brut","2019","2019","%","4.27504","Fc","Donnée calculée",""
"MK","Indicateurs macro","13","Bahreïn","6110","Valeur US $","22008","Produit Intérieur Brut","2019","2019","millions","38574.069149","X","Sources internationales sûres",""
"MK","Indicateurs macro","13","Bahreïn","6129","Croissance annuelle US$","22008","Produit Intérieur Brut","2019","2019","%","2.447492","Fc","Donnée calculée",""
"MK","Indicateurs macro","16","Bangladesh","6110","Valeur US $","22008","Produit Intérieur Brut","2019","2019","millions","301051.101806","X","Sources internationales sûres",""
"MK","Indicateurs macro","16","Bangladesh","6129","Croissance annuelle US$","22008","Produit Intérieur Brut","2019","2019","%","11.654402","Fc","Donnée calculée",""
"MK","Indicateurs macro","14","Barbade","6110","Valeur US $","22008","Produit Intérieur Brut","2019","2019","millions","5209.204817","X","Sources internationales sûres",""
"MK","Indicateurs macro","14","Barbade","6129","Croissance annuelle US$","22008","Produit Intérieur Brut","2019","2019","%","2.408336","Fc","Donnée calculée",""
"MK","Indicateurs macro","57","Bélarus","6110","Valeur US $","22008","Produit Intérieur Brut","2019","2019","millions","63080.960584","X","Sources internationales sûres",""
"MK","Indicateurs macro","57","Bélarus","6129","Croissance annuelle US$","22008","Produit Intérieur Brut","2019","2019","%","5.08058","Fc","Donnée calculée",""
"MK","Indicateurs macro","255","Belgique","6110","Valeur US $","22008","Produit Intérieur Brut","2019","2019","millions","533097.455835","X","Sources internationales sûres",""
"MK","Indicateurs macro","255","Belgique","6129","Croissance annuelle US$","22008","Produit Intérieur Brut","2019","2019","%","-1.95627","Fc","Donnée calculée",""
"MK","Indicateurs macro","23","Belize","6110","Valeur US $","22008","Produit Intérieur Brut","2019","2019","millions","1879.616778","X","Sources internationales sûres",""
"MK","Indicateurs macro","23","Belize","6129","Croissance annuelle US$","22008","Produit Intérieur Brut","2019","2019","%","0.449637","Fc","Donnée calculée",""
"MK","Indicateurs macro","53","Bénin","6110","Valeur US $","22008","Produit Intérieur Brut","2019","2019","millions","14403.220122","X","Sources internationales sûres",""
"MK","Indicateurs macro","53","Bénin","6129","Croissance annuelle US$","22008","Produit Intérieur Brut","2019","2019","%","0.987295","Fc","Donnée calculée",""
"MK","Indicateurs macro","17","Bermudes","6110","Valeur US $","22008","Produit Intérieur Brut","2019","2019","millions","7361.2","X","Sources internationales sûres",""
"MK","Indicateurs macro","17","Bermudes","6129","Croissance annuelle US$","22008","Produit Intérieur Brut","2019","2019","%","1.345416","Fc","Donnée calculée",""
"MK","Indicateurs macro","18","Bhoutan","6110","Valeur US $","22008","Produit Intérieur Brut","2019","2019","millions","2564.460096","X","Sources internationales sûres",""
"MK","Indicateurs macro","18","Bhoutan","6129","Croissance annuelle US$","22008","Produit Intérieur Brut","2019","2019","%","4.814076","Fc","Donnée calculée",""
"MK","Indicateurs macro","19","Bolivie (État plurinational de)","6110","Valeur US $","22008","Produit Intérieur Brut","2019","2019","millions","40895.322844","X","Sources internationales sûres",""
"MK","Indicateurs macro","19","Bolivie (État plurinational de)","6129","Croissance annuelle US$","22008","Produit Intérieur Brut","2019","2019","%","1.508341","Fc","Donnée calculée",""
"MK","Indicateurs macro","80","Bosnie-Herzégovine","6110","Valeur US $","22008","Produit Intérieur Brut","2019","2019","millions","20164.350065","X","Sources internationales sûres",""
"MK","Indicateurs macro","80","Bosnie-Herzégovine","6129","Croissance annuelle US$","22008","Produit Intérieur Brut","2019","2019","%","-0.095811","Fc","Donnée calculée",""
"MK","Indicateurs macro","20","Botswana","6110","Valeur US $","22008","Produit Intérieur Brut","2019","2019","millions","18340.573366","X","Sources internationales sûres",""
"MK","Indicateurs macro","20","Botswana","6129","Croissance annuelle US$","22008","Produit Intérieur Brut","2019","2019","%","-1.729264","Fc","Donnée calculée",""
"MK","Indicateurs macro","21","Brésil","6110","Valeur US $","22008","Produit Intérieur Brut","2019","2019","millions","1847795.847231","X","Sources internationales sûres",""
"MK","Indicateurs macro","21","Brésil","6129","Croissance annuelle US$","22008","Produit Intérieur Brut","2019","2019","%","-1.998101","Fc","Donnée calculée",""
"MK","Indicateurs macro","26","Brunéi Darussalam","6110","Valeur US $","22008","Produit Intérieur Brut","2019","2019","millions","13469.240146","X","Sources internationales sûres",""
"MK","Indicateurs macro","26","Brunéi Darussalam","6129","Croissance annuelle US$","22008","Produit Intérieur Brut","2019","2019","%","-0.719933","Fc","Donnée calculée",""
"MK","Indicateurs macro","27","Bulgarie","6110","Valeur US $","22008","Produit Intérieur Brut","2019","2019","millions","67925.569415","X","Sources internationales sûres",""
"MK","Indicateurs macro","27","Bulgarie","6129","Croissance annuelle US$","22008","Produit Intérieur Brut","2019","2019","%","2.607871","Fc","Donnée calculée",""
"MK","Indicateurs macro","233","Burkina Faso","6110","Valeur US $","22008","Produit Intérieur Brut","2019","2019","millions","15990.80321","X","Sources internationales sûres",""
"MK","Indicateurs macro","233","Burkina Faso","6129","Croissance annuelle US$","22008","Produit Intérieur Brut","2019","2019","%","-0.430319","Fc","Donnée calculée",""
"MK","Indicateurs macro","29","Burundi","6110","Valeur US $","22008","Produit Intérieur Brut","2019","2019","millions","3002.350447","X","Sources internationales sûres",""
"MK","Indicateurs macro","29","Burundi","6129","Croissance annuelle US$","22008","Produit Intérieur Brut","2019","2019","%","-2.51328","Fc","Donnée calculée",""
"MK","Indicateurs macro","35","Cabo Verde","6110","Valeur US $","22008","Produit Intérieur Brut","2019","2019","millions","1981.846171","X","Sources internationales sûres",""
"MK","Indicateurs macro","35","Cabo Verde","6129","Croissance annuelle US$","22008","Produit Intérieur Brut","2019","2019","%","0.7803","Fc","Donnée calculée",""
"MK","Indicateurs macro","115","Cambodge","6110","Valeur US $","22008","Produit Intérieur Brut","2019","2019","millions","27097.96382","X","Sources internationales sûres",""
"MK","Indicateurs macro","115","Cambodge","6129","Croissance annuelle US$","22008","Produit Intérieur Brut","2019","2019","%","10.280952","Fc","Donnée calculée",""
"MK","Indicateurs macro","32","Cameroun","6110","Valeur US $","22008","Produit Intérieur Brut","2019","2019","millions","38861.362029","X","Sources internationales sûres",""
"MK","Indicateurs macro","32","Cameroun","6129","Croissance annuelle US$","22008","Produit Intérieur Brut","2019","2019","%","0.432112","Fc","Donnée calculée",""
"MK","Indicateurs macro","33","Canada","6110","Valeur US $","22008","Produit Intérieur Brut","2019","2019","millions","1741496.789532","X","Sources internationales sûres",""
"MK","Indicateurs macro","33","Canada","6129","Croissance annuelle US$","22008","Produit Intérieur Brut","2019","2019","%","1.137758","Fc","Donnée calculée",""
"MK","Indicateurs macro","40","Chili","6110","Valeur US $","22008","Produit Intérieur Brut","2019","2019","millions","282318.159745","X","Sources internationales sûres",""
"MK","Indicateurs macro","40","Chili","6129","Croissance annuelle US$","22008","Produit Intérieur Brut","2019","2019","%","-5.344319","Fc","Donnée calculée",""
"MK","Indicateurs macro","351","Chine","6110","Valeur US $","22008","Produit Intérieur Brut","2019","2019","millions","14762504.034163","A","Agrégat, peut inclure des données officielles, semi-officielles, estimées ou calculées",""
"MK","Indicateurs macro","351","Chine","6129","Croissance annuelle US$","22008","Produit Intérieur Brut","2019","2019","%","3.149986","Fc","Donnée calculée",""
"MK","Indicateurs macro","96","Chine - RAS de Hong-Kong","6110","Valeur US $","22008","Produit Intérieur Brut","2019","2019","millions","365710.754964","X","Sources internationales sûres",""
"MK","Indicateurs macro","96","Chine - RAS de Hong-Kong","6129","Croissance annuelle US$","22008","Produit Intérieur Brut","2019","2019","%","1.109734","Fc","Donnée calculée",""
"MK","Indicateurs macro","128","Chine - RAS de Macao","6110","Valeur US $","22008","Produit Intérieur Brut","2019","2019","millions","53859.314519","X","Sources internationales sûres",""
"MK","Indicateurs macro","128","Chine - RAS de Macao","6129","Croissance annuelle US$","22008","Produit Intérieur Brut","2019","2019","%","-2.223306","Fc","Donnée calculée",""
"MK","Indicateurs macro","41","Chine, continentale","6110","Valeur US $","22008","Produit Intérieur Brut","2019","2019","millions","14342933.96468","X","Sources internationales sûres",""
"MK","Indicateurs macro","41","Chine, continentale","6129","Croissance annuelle US$","22008","Produit Intérieur Brut","2019","2019","%","3.224397","Fc","Donnée calculée",""
"MK","Indicateurs macro","50","Chypre","6110","Valeur US $","22008","Produit Intérieur Brut","2019","2019","millions","24565.300853","X","Sources internationales sûres",""
"MK","Indicateurs macro","50","Chypre","6129","Croissance annuelle US$","22008","Produit Intérieur Brut","2019","2019","%","-1.592288","Fc","Donnée calculée",""
"MK","Indicateurs macro","44","Colombie","6110","Valeur US $","22008","Produit Intérieur Brut","2019","2019","millions","323802.808108","X","Sources internationales sûres",""
"MK","Indicateurs macro","44","Colombie","6129","Croissance annuelle US$","22008","Produit Intérieur Brut","2019","2019","%","-2.927766","Fc","Donnée calculée",""
"MK","Indicateurs macro","45","Comores","6110","Valeur US $","22008","Produit Intérieur Brut","2019","2019","millions","1165.840745","X","Sources internationales sûres",""
"MK","Indicateurs macro","45","Comores","6129","Croissance annuelle US$","22008","Produit Intérieur Brut","2019","2019","%","-1.076755","Fc","Donnée calculée",""
"MK","Indicateurs macro","46","Congo","6110","Valeur US $","22008","Produit Intérieur Brut","2019","2019","millions","12397.371108","X","Sources internationales sûres",""
"MK","Indicateurs macro","46","Congo","6129","Croissance annuelle US$","22008","Produit Intérieur Brut","2019","2019","%","-7.206035","Fc","Donnée calculée",""
"MK","Indicateurs macro","48","Costa Rica","6110","Valeur US $","22008","Produit Intérieur Brut","2019","2019","millions","61773.944627","X","Sources internationales sûres",""
"MK","Indicateurs macro","48","Costa Rica","6129","Croissance annuelle US$","22008","Produit Intérieur Brut","2019","2019","%","2.014806","Fc","Donnée calculée",""
"MK","Indicateurs macro","107","Côte d'Ivoire","6110","Valeur US $","22008","Produit Intérieur Brut","2019","2019","millions","58539.606234","X","Sources internationales sûres",""
"MK","Indicateurs macro","107","Côte d'Ivoire","6129","Croissance annuelle US$","22008","Produit Intérieur Brut","2019","2019","%","0.911231","Fc","Donnée calculée",""
"MK","Indicateurs macro","98","Croatie","6110","Valeur US $","22008","Produit Intérieur Brut","2019","2019","millions","60415.173864","X","Sources internationales sûres",""
"MK","Indicateurs macro","98","Croatie","6129","Croissance annuelle US$","22008","Produit Intérieur Brut","2019","2019","%","-0.944414","Fc","Donnée calculée",""
"MK","Indicateurs macro","49","Cuba","6110","Valeur US $","22008","Produit Intérieur Brut","2019","2019","millions","105354.94316","X","Sources internationales sûres",""
"MK","Indicateurs macro","49","Cuba","6129","Croissance annuelle US$","22008","Produit Intérieur Brut","2019","2019","%","5.330717","Fc","Donnée calculée",""
"MK","Indicateurs macro","279","Curaçao","6110","Valeur US $","22008","Produit Intérieur Brut","2019","2019","millions","3101.787709","X","Sources internationales sûres",""
"MK","Indicateurs macro","279","Curaçao","6129","Croissance annuelle US$","22008","Produit Intérieur Brut","2019","2019","%","-0.835073","Fc","Donnée calculée",""
"MK","Indicateurs macro","54","Danemark","6110","Valeur US $","22008","Produit Intérieur Brut","2019","2019","millions","350104.327659","X","Sources internationales sûres",""
"MK","Indicateurs macro","54","Danemark","6129","Croissance annuelle US$","22008","Produit Intérieur Brut","2019","2019","%","-1.898448","Fc","Donnée calculée",""
"MK","Indicateurs macro","72","Djibouti","6110","Valeur US $","22008","Produit Intérieur Brut","2019","2019","millions","3166.329057","X","Sources internationales sûres",""
"MK","Indicateurs macro","72","Djibouti","6129","Croissance annuelle US$","22008","Produit Intérieur Brut","2019","2019","%","8.311198","Fc","Donnée calculée",""
"MK","Indicateurs macro","55","Dominique","6110","Valeur US $","22008","Produit Intérieur Brut","2019","2019","millions","582.4","X","Sources internationales sûres",""
"MK","Indicateurs macro","55","Dominique","6129","Croissance annuelle US$","22008","Produit Intérieur Brut","2019","2019","%","5.771249","Fc","Donnée calculée",""
"MK","Indicateurs macro","59","Égypte","6110","Valeur US $","22008","Produit Intérieur Brut","2019","2019","millions","317359.293188","X","Sources internationales sûres",""
"MK","Indicateurs macro","59","Égypte","6129","Croissance annuelle US$","22008","Produit Intérieur Brut","2019","2019","%","27.070238","Fc","Donnée calculée",""
"MK","Indicateurs macro","60","El Salvador","6110","Valeur US $","22008","Produit Intérieur Brut","2019","2019","millions","27022.64","X","Sources internationales sûres",""
"MK","Indicateurs macro","60","El Salvador","6129","Croissance annuelle US$","22008","Produit Intérieur Brut","2019","2019","%","3.466042","Fc","Donnée calculée",""
"MK","Indicateurs macro","225","Émirats arabes unis","6110","Valeur US $","22008","Produit Intérieur Brut","2019","2019","millions","421142.267938","X","Sources internationales sûres",""
"MK","Indicateurs macro","225","Émirats arabes unis","6129","Croissance annuelle US$","22008","Produit Intérieur Brut","2019","2019","%","-0.254083","Fc","Donnée calculée",""
"MK","Indicateurs macro","58","Équateur","6110","Valeur US $","22008","Produit Intérieur Brut","2019","2019","millions","107435.665","X","Sources internationales sûres",""
"MK","Indicateurs macro","58","Équateur","6129","Croissance annuelle US$","22008","Produit Intérieur Brut","2019","2019","%","-0.117461","Fc","Donnée calculée",""
"MK","Indicateurs macro","178","Érythrée","6110","Valeur US $","22008","Produit Intérieur Brut","2019","2019","millions","1981.857048","X","Sources internationales sûres",""
"MK","Indicateurs macro","178","Érythrée","6129","Croissance annuelle US$","22008","Produit Intérieur Brut","2019","2019","%","-1.186709","Fc","Donnée calculée",""
"MK","Indicateurs macro","203","Espagne","6110","Valeur US $","22008","Produit Intérieur Brut","2019","2019","millions","1393490.524518","X","Sources internationales sûres",""
"MK","Indicateurs macro","203","Espagne","6129","Croissance annuelle US$","22008","Produit Intérieur Brut","2019","2019","%","-2.015486","Fc","Donnée calculée",""
"MK","Indicateurs macro","63","Estonie","6110","Valeur US $","22008","Produit Intérieur Brut","2019","2019","millions","31471.100656","X","Sources internationales sûres",""
"MK","Indicateurs macro","63","Estonie","6129","Croissance annuelle US$","22008","Produit Intérieur Brut","2019","2019","%","2.742171","Fc","Donnée calculée",""
"MK","Indicateurs macro","209","Eswatini","6110","Valeur US $","22008","Produit Intérieur Brut","2019","2019","millions","4594.332076","X","Sources internationales sûres",""
"MK","Indicateurs macro","209","Eswatini","6129","Croissance annuelle US$","22008","Produit Intérieur Brut","2019","2019","%","-2.6266","Fc","Donnée calculée",""
"MK","Indicateurs macro","231","États-Unis d'Amérique","6110","Valeur US $","22008","Produit Intérieur Brut","2019","2019","millions","21433226","X","Sources internationales sûres",""
"MK","Indicateurs macro","231","États-Unis d'Amérique","6129","Croissance annuelle US$","22008","Produit Intérieur Brut","2019","2019","%","3.984914","Fc","Donnée calculée",""
"MK","Indicateurs macro","238","Éthiopie","6110","Valeur US $","22008","Produit Intérieur Brut","2019","2019","millions","92750.117817","X","Sources internationales sûres",""
"MK","Indicateurs macro","238","Éthiopie","6129","Croissance annuelle US$","22008","Produit Intérieur Brut","2019","2019","%","15.633609","Fc","Donnée calculée",""
"MK","Indicateurs macro","185","Fédération de Russie","6110","Valeur US $","22008","Produit Intérieur Brut","2019","2019","millions","1692930.151301","X","Sources internationales sûres",""
"MK","Indicateurs macro","185","Fédération de Russie","6129","Croissance annuelle US$","22008","Produit Intérieur Brut","2019","2019","%","1.466858","Fc","Donnée calculée",""
"MK","Indicateurs macro","66","Fidji","6110","Valeur US $","22008","Produit Intérieur Brut","2019","2019","millions","5504.448601","X","Sources internationales sûres",""
"MK","Indicateurs macro","66","Fidji","6129","Croissance annuelle US$","22008","Produit Intérieur Brut","2019","2019","%","-0.58426","Fc","Donnée calculée",""
"MK","Indicateurs macro","67","Finlande","6110","Valeur US $","22008","Produit Intérieur Brut","2019","2019","millions","269296.31018","X","Sources internationales sûres",""
"MK","Indicateurs macro","67","Finlande","6129","Croissance annuelle US$","22008","Produit Intérieur Brut","2019","2019","%","-2.409976","Fc","Donnée calculée",""
"MK","Indicateurs macro","68","France","6110","Valeur US $","22008","Produit Intérieur Brut","2019","2019","millions","2715518.274227","X","Sources internationales sûres",""
"MK","Indicateurs macro","68","France","6129","Croissance annuelle US$","22008","Produit Intérieur Brut","2019","2019","%","-2.595022","Fc","Donnée calculée",""
"MK","Indicateurs macro","74","Gabon","6110","Valeur US $","22008","Produit Intérieur Brut","2019","2019","millions","16887.888736","X","Sources internationales sûres",""
"MK","Indicateurs macro","74","Gabon","6129","Croissance annuelle US$","22008","Produit Intérieur Brut","2019","2019","%","-0.624856","Fc","Donnée calculée",""
"MK","Indicateurs macro","75","Gambie","6110","Valeur US $","22008","Produit Intérieur Brut","2019","2019","millions","1822.863404","X","Sources internationales sûres",""
"MK","Indicateurs macro","75","Gambie","6129","Croissance annuelle US$","22008","Produit Intérieur Brut","2019","2019","%","8.833407","Fc","Donnée calculée",""
"MK","Indicateurs macro","73","Géorgie","6110","Valeur US $","22008","Produit Intérieur Brut","2019","2019","millions","17742.9347","X","Sources internationales sûres",""
"MK","Indicateurs macro","73","Géorgie","6129","Croissance annuelle US$","22008","Produit Intérieur Brut","2019","2019","%","0.814407","Fc","Donnée calculée",""
"MK","Indicateurs macro","81","Ghana","6110","Valeur US $","22008","Produit Intérieur Brut","2019","2019","millions","66999.258054","X","Sources internationales sûres",""
"MK","Indicateurs macro","81","Ghana","6129","Croissance annuelle US$","22008","Produit Intérieur Brut","2019","2019","%","2.234646","Fc","Donnée calculée",""
"MK","Indicateurs macro","84","Grèce","6110","Valeur US $","22008","Produit Intérieur Brut","2019","2019","millions","205326.734645","X","Sources internationales sûres",""
"MK","Indicateurs macro","84","Grèce","6129","Croissance annuelle US$","22008","Produit Intérieur Brut","2019","2019","%","-3.261738","Fc","Donnée calculée",""
"MK","Indicateurs macro","86","Grenade","6110","Valeur US $","22008","Produit Intérieur Brut","2019","2019","millions","1211.618519","X","Sources internationales sûres",""
"MK","Indicateurs macro","86","Grenade","6129","Croissance annuelle US$","22008","Produit Intérieur Brut","2019","2019","%","3.672669","Fc","Donnée calculée",""
"MK","Indicateurs macro","85","Groenland","6110","Valeur US $","22008","Produit Intérieur Brut","2019","2019","millions","3023.601252","X","Sources internationales sûres",""
"MK","Indicateurs macro","85","Groenland","6129","Croissance annuelle US$","22008","Produit Intérieur Brut","2019","2019","%","-0.918072","Fc","Donnée calculée",""
"MK","Indicateurs macro","89","Guatemala","6110","Valeur US $","22008","Produit Intérieur Brut","2019","2019","millions","76710.40253","X","Sources internationales sûres",""
"MK","Indicateurs macro","89","Guatemala","6129","Croissance annuelle US$","22008","Produit Intérieur Brut","2019","2019","%","4.912451","Fc","Donnée calculée",""
"MK","Indicateurs macro","90","Guinée","6110","Valeur US $","22008","Produit Intérieur Brut","2019","2019","millions","12354.401268","X","Sources internationales sûres",""
"MK","Indicateurs macro","90","Guinée","6129","Croissance annuelle US$","22008","Produit Intérieur Brut","2019","2019","%","13.268155","Fc","Donnée calculée",""
"MK","Indicateurs macro","61","Guinée équatoriale","6110","Valeur US $","22008","Produit Intérieur Brut","2019","2019","millions","11024.718307","X","Sources internationales sûres",""
"MK","Indicateurs macro","61","Guinée équatoriale","6129","Croissance annuelle US$","22008","Produit Intérieur Brut","2019","2019","%","-16.9731","Fc","Donnée calculée",""
"MK","Indicateurs macro","175","Guinée-Bissau","6110","Valeur US $","22008","Produit Intérieur Brut","2019","2019","millions","1322.269762","X","Sources internationales sûres",""
"MK","Indicateurs macro","175","Guinée-Bissau","6129","Croissance annuelle US$","22008","Produit Intérieur Brut","2019","2019","%","-4.353405","Fc","Donnée calculée",""
"MK","Indicateurs macro","91","Guyana","6110","Valeur US $","22008","Produit Intérieur Brut","2019","2019","millions","5173.760192","X","Sources internationales sûres",""
"MK","Indicateurs macro","91","Guyana","6129","Croissance annuelle US$","22008","Produit Intérieur Brut","2019","2019","%","8.065005","Fc","Donnée calculée",""
"MK","Indicateurs macro","93","Haïti","6110","Valeur US $","22008","Produit Intérieur Brut","2019","2019","millions","8051.188114","X","Sources internationales sûres",""
"MK","Indicateurs macro","93","Haïti","6129","Croissance annuelle US$","22008","Produit Intérieur Brut","2019","2019","%","-13.309385","Fc","Donnée calculée",""
"MK","Indicateurs macro","95","Honduras","6110","Valeur US $","22008","Produit Intérieur Brut","2019","2019","millions","25095.355628","X","Sources internationales sûres",""
"MK","Indicateurs macro","95","Honduras","6129","Croissance annuelle US$","22008","Produit Intérieur Brut","2019","2019","%","4.458821","Fc","Donnée calculée",""
"MK","Indicateurs macro","97","Hongrie","6110","Valeur US $","22008","Produit Intérieur Brut","2019","2019","millions","163469.042868","X","Sources internationales sûres",""
"MK","Indicateurs macro","97","Hongrie","6129","Croissance annuelle US$","22008","Produit Intérieur Brut","2019","2019","%","1.901402","Fc","Donnée calculée",""
"MK","Indicateurs macro","36","Îles Caïmanes","6110","Valeur US $","22008","Produit Intérieur Brut","2019","2019","millions","6020.184081","X","Sources internationales sûres",""
"MK","Indicateurs macro","36","Îles Caïmanes","6129","Croissance annuelle US$","22008","Produit Intérieur Brut","2019","2019","%","9.117392","Fc","Donnée calculée",""
"MK","Indicateurs macro","47","Îles Cook","6110","Valeur US $","22008","Produit Intérieur Brut","2019","2019","millions","379.097592","X","Sources internationales sûres",""
"MK","Indicateurs macro","47","Îles Cook","6129","Croissance annuelle US$","22008","Produit Intérieur Brut","2019","2019","%","4.516977","Fc","Donnée calculée",""
"MK","Indicateurs macro","127","Îles Marshall","6110","Valeur US $","22008","Produit Intérieur Brut","2019","2019","millions","237.408066","X","Sources internationales sûres",""
"MK","Indicateurs macro","127","Îles Marshall","6129","Croissance annuelle US$","22008","Produit Intérieur Brut","2019","2019","%","7.289525","Fc","Donnée calculée",""
"MK","Indicateurs macro","25","Îles Salomon","6110","Valeur US $","22008","Produit Intérieur Brut","2019","2019","millions","1302.683941","X","Sources internationales sûres",""
"MK","Indicateurs macro","25","Îles Salomon","6129","Croissance annuelle US$","22008","Produit Intérieur Brut","2019","2019","%","-0.258145","Fc","Donnée calculée",""
"MK","Indicateurs macro","224","Îles Turques-et-Caïques","6110","Valeur US $","22008","Produit Intérieur Brut","2019","2019","millions","1197.42","X","Sources internationales sûres",""
"MK","Indicateurs macro","224","Îles Turques-et-Caïques","6129","Croissance annuelle US$","22008","Produit Intérieur Brut","2019","2019","%","7.567509","Fc","Donnée calculée",""
"MK","Indicateurs macro","239","Îles Vierges britanniques","6110","Valeur US $","22008","Produit Intérieur Brut","2019","2019","millions","1296.954245","X","Sources internationales sûres",""
"MK","Indicateurs macro","239","Îles Vierges britanniques","6129","Croissance annuelle US$","22008","Produit Intérieur Brut","2019","2019","%","3.868917","Fc","Donnée calculée",""
"MK","Indicateurs macro","100","Inde","6110","Valeur US $","22008","Produit Intérieur Brut","2019","2019","millions","2891582.35083","X","Sources internationales sûres",""
"MK","Indicateurs macro","100","Inde","6129","Croissance annuelle US$","22008","Produit Intérieur Brut","2019","2019","%","4.251498","Fc","Donnée calculée",""
"MK","Indicateurs macro","101","Indonésie","6110","Valeur US $","22008","Produit Intérieur Brut","2019","2019","millions","1119190.783874","X","Sources internationales sûres",""
"MK","Indicateurs macro","101","Indonésie","6129","Croissance annuelle US$","22008","Produit Intérieur Brut","2019","2019","%","7.383179","Fc","Donnée calculée",""
"MK","Indicateurs macro","102","Iran (République islamique d')","6110","Valeur US $","22008","Produit Intérieur Brut","2019","2019","millions","603779.556468","X","Sources internationales sûres",""
"MK","Indicateurs macro","102","Iran (République islamique d')","6129","Croissance annuelle US$","22008","Produit Intérieur Brut","2019","2019","%","30.705103","Fc","Donnée calculée",""
"MK","Indicateurs macro","103","Iraq","6110","Valeur US $","22008","Produit Intérieur Brut","2019","2019","millions","225232.373604","X","Sources internationales sûres",""
"MK","Indicateurs macro","103","Iraq","6129","Croissance annuelle US$","22008","Produit Intérieur Brut","2019","2019","%","4.521284","Fc","Donnée calculée",""
"MK","Indicateurs macro","104","Irlande","6110","Valeur US $","22008","Produit Intérieur Brut","2019","2019","millions","398590.186611","X","Sources internationales sûres",""
"MK","Indicateurs macro","104","Irlande","6129","Croissance annuelle US$","22008","Produit Intérieur Brut","2019","2019","%","3.220081","Fc","Donnée calculée",""
"MK","Indicateurs macro","99","Islande","6110","Valeur US $","22008","Produit Intérieur Brut","2019","2019","millions","24188.035717","X","Sources internationales sûres",""
"MK","Indicateurs macro","99","Islande","6129","Croissance annuelle US$","22008","Produit Intérieur Brut","2019","2019","%","-6.020604","Fc","Donnée calculée",""
"MK","Indicateurs macro","105","Israël","6110","Valeur US $","22008","Produit Intérieur Brut","2019","2019","millions","395098.60213","X","Sources internationales sûres",""
"MK","Indicateurs macro","105","Israël","6129","Croissance annuelle US$","22008","Produit Intérieur Brut","2019","2019","%","6.613982","Fc","Donnée calculée",""
"MK","Indicateurs macro","106","Italie","6110","Valeur US $","22008","Produit Intérieur Brut","2019","2019","millions","2003576.145498","X","Sources internationales sûres",""
"MK","Indicateurs macro","106","Italie","6129","Croissance annuelle US$","22008","Produit Intérieur Brut","2019","2019","%","-4.205925","Fc","Donnée calculée",""
"MK","Indicateurs macro","109","Jamaïque","6110","Valeur US $","22008","Produit Intérieur Brut","2019","2019","millions","15830.766372","X","Sources internationales sûres",""
"MK","Indicateurs macro","109","Jamaïque","6129","Croissance annuelle US$","22008","Produit Intérieur Brut","2019","2019","%","0.635536","Fc","Donnée calculée",""
"MK","Indicateurs macro","110","Japon","6110","Valeur US $","22008","Produit Intérieur Brut","2019","2019","millions","5082465.810911","X","Sources internationales sûres",""
"MK","Indicateurs macro","110","Japon","6129","Croissance annuelle US$","22008","Produit Intérieur Brut","2019","2019","%","2.576472","Fc","Donnée calculée",""
"MK","Indicateurs macro","112","Jordanie","6110","Valeur US $","22008","Produit Intérieur Brut","2019","2019","millions","44502.816901","X","Sources internationales sûres",""
"MK","Indicateurs macro","112","Jordanie","6129","Croissance annuelle US$","22008","Produit Intérieur Brut","2019","2019","%","3.657896","Fc","Donnée calculée",""
"MK","Indicateurs macro","108","Kazakhstan","6110","Valeur US $","22008","Produit Intérieur Brut","2019","2019","millions","181667.185041","X","Sources internationales sûres",""
"MK","Indicateurs macro","108","Kazakhstan","6129","Croissance annuelle US$","22008","Produit Intérieur Brut","2019","2019","%","1.297651","Fc","Donnée calculée",""
"MK","Indicateurs macro","114","Kenya","6110","Valeur US $","22008","Produit Intérieur Brut","2019","2019","millions","95501.872977","X","Sources internationales sûres",""
"MK","Indicateurs macro","114","Kenya","6129","Croissance annuelle US$","22008","Produit Intérieur Brut","2019","2019","%","8.798576","Fc","Donnée calculée",""
"MK","Indicateurs macro","113","Kirghizistan","6110","Valeur US $","22008","Produit Intérieur Brut","2019","2019","millions","8454.619608","X","Sources internationales sûres",""
"MK","Indicateurs macro","113","Kirghizistan","6129","Croissance annuelle US$","22008","Produit Intérieur Brut","2019","2019","%","2.218729","Fc","Donnée calculée",""
"MK","Indicateurs macro","83","Kiribati","6110","Valeur US $","22008","Produit Intérieur Brut","2019","2019","millions","194.866652","X","Sources internationales sûres",""
"MK","Indicateurs macro","83","Kiribati","6129","Croissance annuelle US$","22008","Produit Intérieur Brut","2019","2019","%","-0.950336","Fc","Donnée calculée",""
"MK","Indicateurs macro","118","Koweït","6110","Valeur US $","22008","Produit Intérieur Brut","2019","2019","millions","134623.592787","X","Sources internationales sûres",""
"MK","Indicateurs macro","118","Koweït","6129","Croissance annuelle US$","22008","Produit Intérieur Brut","2019","2019","%","-4.295214","Fc","Donnée calculée",""
"MK","Indicateurs macro","122","Lesotho","6110","Valeur US $","22008","Produit Intérieur Brut","2019","2019","millions","2460.074277","X","Sources internationales sûres",""
"MK","Indicateurs macro","122","Lesotho","6129","Croissance annuelle US$","22008","Produit Intérieur Brut","2019","2019","%","-4.445631","Fc","Donnée calculée",""
"MK","Indicateurs macro","119","Lettonie","6110","Valeur US $","22008","Produit Intérieur Brut","2019","2019","millions","34102.913582","X","Sources internationales sûres",""
"MK","Indicateurs macro","119","Lettonie","6129","Croissance annuelle US$","22008","Produit Intérieur Brut","2019","2019","%","-0.909749","Fc","Donnée calculée",""
"MK","Indicateurs macro","121","Liban","6110","Valeur US $","22008","Produit Intérieur Brut","2019","2019","millions","53367.042272","X","Sources internationales sûres",""
"MK","Indicateurs macro","121","Liban","6129","Croissance annuelle US$","22008","Produit Intérieur Brut","2019","2019","%","-2.900649","Fc","Donnée calculée",""
"MK","Indicateurs macro","123","Libéria","6110","Valeur US $","22008","Produit Intérieur Brut","2019","2019","millions","2582.242493","X","Sources internationales sûres",""
"MK","Indicateurs macro","123","Libéria","6129","Croissance annuelle US$","22008","Produit Intérieur Brut","2019","2019","%","-5.927754","Fc","Donnée calculée",""
"MK","Indicateurs macro","124","Libye","6110","Valeur US $","22008","Produit Intérieur Brut","2019","2019","millions","32600.102481","X","Sources internationales sûres",""
"MK","Indicateurs macro","124","Libye","6129","Croissance annuelle US$","22008","Produit Intérieur Brut","2019","2019","%","-6.150315","Fc","Donnée calculée",""
"MK","Indicateurs macro","125","Liechtenstein","6110","Valeur US $","22008","Produit Intérieur Brut","2019","2019","millions","6797.776288","X","Sources internationales sûres",""
"MK","Indicateurs macro","125","Liechtenstein","6129","Croissance annuelle US$","22008","Produit Intérieur Brut","2019","2019","%","-0.606577","Fc","Donnée calculée",""
"MK","Indicateurs macro","126","Lituanie","6110","Valeur US $","22008","Produit Intérieur Brut","2019","2019","millions","54627.41186","X","Sources internationales sûres",""
"MK","Indicateurs macro","126","Lituanie","6129","Croissance annuelle US$","22008","Produit Intérieur Brut","2019","2019","%","1.683694","Fc","Donnée calculée",""
"MK","Indicateurs macro","256","Luxembourg","6110","Valeur US $","22008","Produit Intérieur Brut","2019","2019","millions","71104.919108","X","Sources internationales sûres",""
"MK","Indicateurs macro","256","Luxembourg","6129","Croissance annuelle US$","22008","Produit Intérieur Brut","2019","2019","%","0.260803","Fc","Donnée calculée",""
"MK","Indicateurs macro","154","Macédoine du Nord","6110","Valeur US $","22008","Produit Intérieur Brut","2019","2019","millions","12694.823394","X","Sources internationales sûres",""
"MK","Indicateurs macro","154","Macédoine du Nord","6129","Croissance annuelle US$","22008","Produit Intérieur Brut","2019","2019","%","0.52238","Fc","Donnée calculée",""
"MK","Indicateurs macro","129","Madagascar","6110","Valeur US $","22008","Produit Intérieur Brut","2019","2019","millions","14104.664678","X","Sources internationales sûres",""
"MK","Indicateurs macro","129","Madagascar","6129","Croissance annuelle US$","22008","Produit Intérieur Brut","2019","2019","%","2.504583","Fc","Donnée calculée",""
"MK","Indicateurs macro","131","Malaisie","6110","Valeur US $","22008","Produit Intérieur Brut","2019","2019","millions","364684.136852","X","Sources internationales sûres",""
"MK","Indicateurs macro","131","Malaisie","6129","Croissance annuelle US$","22008","Produit Intérieur Brut","2019","2019","%","1.664785","Fc","Donnée calculée",""
"MK","Indicateurs macro","130","Malawi","6110","Valeur US $","22008","Produit Intérieur Brut","2019","2019","millions","8099.266794","X","Sources internationales sûres",""
"MK","Indicateurs macro","130","Malawi","6129","Croissance annuelle US$","22008","Produit Intérieur Brut","2019","2019","%","12.796388","Fc","Donnée calculée",""
"MK","Indicateurs macro","132","Maldives","6110","Valeur US $","22008","Produit Intérieur Brut","2019","2019","millions","5642.163793","X","Sources internationales sûres",""
"MK","Indicateurs macro","132","Maldives","6129","Croissance annuelle US$","22008","Produit Intérieur Brut","2019","2019","%","6.436919","Fc","Donnée calculée",""
"MK","Indicateurs macro","133","Mali","6110","Valeur US $","22008","Produit Intérieur Brut","2019","2019","millions","17432.629275","X","Sources internationales sûres",""
"MK","Indicateurs macro","133","Mali","6129","Croissance annuelle US$","22008","Produit Intérieur Brut","2019","2019","%","2.119176","Fc","Donnée calculée",""
"MK","Indicateurs macro","134","Malte","6110","Valeur US $","22008","Produit Intérieur Brut","2019","2019","millions","14863.598909","X","Sources internationales sûres",""
"MK","Indicateurs macro","134","Malte","6129","Croissance annuelle US$","22008","Produit Intérieur Brut","2019","2019","%","1.477806","Fc","Donnée calculée",""
"MK","Indicateurs macro","143","Maroc","6110","Valeur US $","22008","Produit Intérieur Brut","2019","2019","millions","119700.622943","X","Sources internationales sûres",""
"MK","Indicateurs macro","143","Maroc","6129","Croissance annuelle US$","22008","Produit Intérieur Brut","2019","2019","%","1.358576","Fc","Donnée calculée",""
"MK","Indicateurs macro","137","Maurice","6110","Valeur US $","22008","Produit Intérieur Brut","2019","2019","millions","14180.437895","X","Sources internationales sûres",""
"MK","Indicateurs macro","137","Maurice","6129","Croissance annuelle US$","22008","Produit Intérieur Brut","2019","2019","%","-0.009483","Fc","Donnée calculée",""
"MK","Indicateurs macro","136","Mauritanie","6110","Valeur US $","22008","Produit Intérieur Brut","2019","2019","millions","7593.745551","X","Sources internationales sûres",""
"MK","Indicateurs macro","136","Mauritanie","6129","Croissance annuelle US$","22008","Produit Intérieur Brut","2019","2019","%","7.725389","Fc","Donnée calculée",""
"MK","Indicateurs macro","138","Mexique","6110","Valeur US $","22008","Produit Intérieur Brut","2019","2019","millions","1256440.910247","X","Sources internationales sûres",""
"MK","Indicateurs macro","138","Mexique","6129","Croissance annuelle US$","22008","Produit Intérieur Brut","2019","2019","%","2.92817","Fc","Donnée calculée",""
"MK","Indicateurs macro","145","Micronésie (États fédérés de)","6110","Valeur US $","22008","Produit Intérieur Brut","2019","2019","millions","414.334298","X","Sources internationales sûres",""
"MK","Indicateurs macro","145","Micronésie (États fédérés de)","6129","Croissance annuelle US$","22008","Produit Intérieur Brut","2019","2019","%","3.093879","Fc","Donnée calculée",""
"MK","Indicateurs macro","140","Monaco","6110","Valeur US $","22008","Produit Intérieur Brut","2019","2019","millions","7423.907159","X","Sources internationales sûres",""
"MK","Indicateurs macro","140","Monaco","6129","Croissance annuelle US$","22008","Produit Intérieur Brut","2019","2019","%","3.192135","Fc","Donnée calculée",""
"MK","Indicateurs macro","141","Mongolie","6110","Valeur US $","22008","Produit Intérieur Brut","2019","2019","millions","13852.850272","X","Sources internationales sûres",""
"MK","Indicateurs macro","141","Mongolie","6129","Croissance annuelle US$","22008","Produit Intérieur Brut","2019","2019","%","5.676204","Fc","Donnée calculée",""
"MK","Indicateurs macro","273","Monténégro","6110","Valeur US $","22008","Produit Intérieur Brut","2019","2019","millions","5542.201626","X","Sources internationales sûres",""
"MK","Indicateurs macro","273","Monténégro","6129","Croissance annuelle US$","22008","Produit Intérieur Brut","2019","2019","%","0.64088","Fc","Donnée calculée",""
"MK","Indicateurs macro","142","Montserrat","6110","Valeur US $","22008","Produit Intérieur Brut","2019","2019","millions","67.288889","X","Sources internationales sûres",""
"MK","Indicateurs macro","142","Montserrat","6129","Croissance annuelle US$","22008","Produit Intérieur Brut","2019","2019","%","8.368625","Fc","Donnée calculée",""
"MK","Indicateurs macro","144","Mozambique","6110","Valeur US $","22008","Produit Intérieur Brut","2019","2019","millions","15296.745151","X","Sources internationales sûres",""
"MK","Indicateurs macro","144","Mozambique","6129","Croissance annuelle US$","22008","Produit Intérieur Brut","2019","2019","%","3.040299","Fc","Donnée calculée",""
"MK","Indicateurs macro","28","Myanmar","6110","Valeur US $","22008","Produit Intérieur Brut","2019","2019","millions","76784.533938","X","Sources internationales sûres",""
"MK","Indicateurs macro","28","Myanmar","6129","Croissance annuelle US$","22008","Produit Intérieur Brut","2019","2019","%","4.302397","Fc","Donnée calculée",""
"MK","Indicateurs macro","147","Namibie","6110","Valeur US $","22008","Produit Intérieur Brut","2019","2019","millions","12366.279692","X","Sources internationales sûres",""
"MK","Indicateurs macro","147","Namibie","6129","Croissance annuelle US$","22008","Produit Intérieur Brut","2019","2019","%","-8.08589","Fc","Donnée calculée",""
"MK","Indicateurs macro","148","Nauru","6110","Valeur US $","22008","Produit Intérieur Brut","2019","2019","millions","132.846561","X","Sources internationales sûres",""
"MK","Indicateurs macro","148","Nauru","6129","Croissance annuelle US$","22008","Produit Intérieur Brut","2019","2019","%","-3.876207","Fc","Donnée calculée",""
"MK","Indicateurs macro","149","Népal","6110","Valeur US $","22008","Produit Intérieur Brut","2019","2019","millions","30714.934743","X","Sources internationales sûres",""
"MK","Indicateurs macro","149","Népal","6129","Croissance annuelle US$","22008","Produit Intérieur Brut","2019","2019","%","9.861143","Fc","Donnée calculée",""
"MK","Indicateurs macro","157","Nicaragua","6110","Valeur US $","22008","Produit Intérieur Brut","2019","2019","millions","12520.885293","X","Sources internationales sûres",""
"MK","Indicateurs macro","157","Nicaragua","6129","Croissance annuelle US$","22008","Produit Intérieur Brut","2019","2019","%","-4.156371","Fc","Donnée calculée",""
"MK","Indicateurs macro","158","Niger","6110","Valeur US $","22008","Produit Intérieur Brut","2019","2019","millions","12927.654985","X","Sources internationales sûres",""
"MK","Indicateurs macro","158","Niger","6129","Croissance annuelle US$","22008","Produit Intérieur Brut","2019","2019","%","0.831916","Fc","Donnée calculée",""
"MK","Indicateurs macro","159","Nigéria","6110","Valeur US $","22008","Produit Intérieur Brut","2019","2019","millions","474516.650002","X","Sources internationales sûres",""
"MK","Indicateurs macro","159","Nigéria","6129","Croissance annuelle US$","22008","Produit Intérieur Brut","2019","2019","%","12.492335","Fc","Donnée calculée",""
"MK","Indicateurs macro","162","Norvège","6110","Valeur US $","22008","Produit Intérieur Brut","2019","2019","millions","403336.363636","X","Sources internationales sûres",""
"MK","Indicateurs macro","162","Norvège","6129","Croissance annuelle US$","22008","Produit Intérieur Brut","2019","2019","%","-7.101019","Fc","Donnée calculée",""
"MK","Indicateurs macro","153","Nouvelle-Calédonie","6110","Valeur US $","22008","Produit Intérieur Brut","2019","2019","millions","9879.709561","X","Sources internationales sûres",""
"MK","Indicateurs macro","153","Nouvelle-Calédonie","6129","Croissance annuelle US$","22008","Produit Intérieur Brut","2019","2019","%","-2.887816","Fc","Donnée calculée",""
"MK","Indicateurs macro","156","Nouvelle-Zélande","6110","Valeur US $","22008","Produit Intérieur Brut","2019","2019","millions","206768.67331","X","Sources internationales sûres",""
"MK","Indicateurs macro","156","Nouvelle-Zélande","6129","Croissance annuelle US$","22008","Produit Intérieur Brut","2019","2019","%","-0.554029","Fc","Donnée calculée",""
"MK","Indicateurs macro","221","Oman","6110","Valeur US $","22008","Produit Intérieur Brut","2019","2019","millions","76331.518668","X","Sources internationales sûres",""
"MK","Indicateurs macro","221","Oman","6129","Croissance annuelle US$","22008","Produit Intérieur Brut","2019","2019","%","-4.333004","Fc","Donnée calculée",""
"MK","Indicateurs macro","226","Ouganda","6110","Valeur US $","22008","Produit Intérieur Brut","2019","2019","millions","32609.119589","X","Sources internationales sûres",""
"MK","Indicateurs macro","226","Ouganda","6129","Croissance annuelle US$","22008","Produit Intérieur Brut","2019","2019","%","9.839397","Fc","Donnée calculée",""
"MK","Indicateurs macro","235","Ouzbékistan","6110","Valeur US $","22008","Produit Intérieur Brut","2019","2019","millions","57921.285671","X","Sources internationales sûres",""
"MK","Indicateurs macro","235","Ouzbékistan","6129","Croissance annuelle US$","22008","Produit Intérieur Brut","2019","2019","%","14.940033","Fc","Donnée calculée",""
"MK","Indicateurs macro","165","Pakistan","6110","Valeur US $","22008","Produit Intérieur Brut","2019","2019","millions","256996.347774","X","Sources internationales sûres",""
"MK","Indicateurs macro","165","Pakistan","6129","Croissance annuelle US$","22008","Produit Intérieur Brut","2019","2019","%","-9.562021","Fc","Donnée calculée",""
"MK","Indicateurs macro","180","Palaos","6110","Valeur US $","22008","Produit Intérieur Brut","2019","2019","millions","280.429406","X","Sources internationales sûres",""
"MK","Indicateurs macro","180","Palaos","6129","Croissance annuelle US$","22008","Produit Intérieur Brut","2019","2019","%","-1.717938","Fc","Donnée calculée",""
"MK","Indicateurs macro","299","Palestine","6110","Valeur US $","22008","Produit Intérieur Brut","2019","2019","millions","17058.7","X","Sources internationales sûres",""
"MK","Indicateurs macro","299","Palestine","6129","Croissance annuelle US$","22008","Produit Intérieur Brut","2019","2019","%","4.805058","Fc","Donnée calculée",""
"MK","Indicateurs macro","166","Panama","6110","Valeur US $","22008","Produit Intérieur Brut","2019","2019","millions","66787.866841","X","Sources internationales sûres",""
"MK","Indicateurs macro","166","Panama","6129","Croissance annuelle US$","22008","Produit Intérieur Brut","2019","2019","%","2.864074","Fc","Donnée calculée",""
"MK","Indicateurs macro","168","Papouasie-Nouvelle-Guinée","6110","Valeur US $","22008","Produit Intérieur Brut","2019","2019","millions","24969.703148","X","Sources internationales sûres",""
"MK","Indicateurs macro","168","Papouasie-Nouvelle-Guinée","6129","Croissance annuelle US$","22008","Produit Intérieur Brut","2019","2019","%","3.113042","Fc","Donnée calculée",""
"MK","Indicateurs macro","169","Paraguay","6110","Valeur US $","22008","Produit Intérieur Brut","2019","2019","millions","38086.707706","X","Sources internationales sûres",""
"MK","Indicateurs macro","169","Paraguay","6129","Croissance annuelle US$","22008","Produit Intérieur Brut","2019","2019","%","-5.690236","Fc","Donnée calculée",""
"MK","Indicateurs macro","150","Pays-Bas","6110","Valeur US $","22008","Produit Intérieur Brut","2019","2019","millions","907050.863145","X","Sources internationales sûres",""
"MK","Indicateurs macro","150","Pays-Bas","6129","Croissance annuelle US$","22008","Produit Intérieur Brut","2019","2019","%","-0.765016","Fc","Donnée calculée",""
"MK","Indicateurs macro","170","Pérou","6110","Valeur US $","22008","Produit Intérieur Brut","2019","2019","millions","226850.392767","X","Sources internationales sûres",""
"MK","Indicateurs macro","170","Pérou","6129","Croissance annuelle US$","22008","Produit Intérieur Brut","2019","2019","%","2.16425","Fc","Donnée calculée",""
"MK","Indicateurs macro","171","Philippines","6110","Valeur US $","22008","Produit Intérieur Brut","2019","2019","millions","359354.437769","X","Sources internationales sûres",""
"MK","Indicateurs macro","171","Philippines","6129","Croissance annuelle US$","22008","Produit Intérieur Brut","2019","2019","%","8.595772","Fc","Donnée calculée",""
"MK","Indicateurs macro","173","Pologne","6110","Valeur US $","22008","Produit Intérieur Brut","2019","2019","millions","595862.086928","X","Sources internationales sûres",""
"MK","Indicateurs macro","173","Pologne","6129","Croissance annuelle US$","22008","Produit Intérieur Brut","2019","2019","%","1.43904","Fc","Donnée calculée",""
"MK","Indicateurs macro","70","Polynésie française","6110","Valeur US $","22008","Produit Intérieur Brut","2019","2019","millions","6023.367689","X","Sources internationales sûres",""
"MK","Indicateurs macro","70","Polynésie française","6129","Croissance annuelle US$","22008","Produit Intérieur Brut","2019","2019","%","-2.457162","Fc","Donnée calculée",""
"MK","Indicateurs macro","177","Porto Rico","6110","Valeur US $","22008","Produit Intérieur Brut","2019","2019","millions","104988.586","X","Sources internationales sûres",""
"MK","Indicateurs macro","177","Porto Rico","6129","Croissance annuelle US$","22008","Produit Intérieur Brut","2019","2019","%","3.970807","Fc","Donnée calculée",""
"MK","Indicateurs macro","174","Portugal","6110","Valeur US $","22008","Produit Intérieur Brut","2019","2019","millions","238785.085031","X","Sources internationales sûres",""
"MK","Indicateurs macro","174","Portugal","6129","Croissance annuelle US$","22008","Produit Intérieur Brut","2019","2019","%","-1.45598","Fc","Donnée calculée",""
"MK","Indicateurs macro","179","Qatar","6110","Valeur US $","22008","Produit Intérieur Brut","2019","2019","millions","183466.208791","X","Sources internationales sûres",""
"MK","Indicateurs macro","179","Qatar","6129","Croissance annuelle US$","22008","Produit Intérieur Brut","2019","2019","%","-4.126146","Fc","Donnée calculée",""
"MK","Indicateurs macro","212","République arabe syrienne","6110","Valeur US $","22008","Produit Intérieur Brut","2019","2019","millions","20379.232554","X","Sources internationales sûres",""
"MK","Indicateurs macro","212","République arabe syrienne","6129","Croissance annuelle US$","22008","Produit Intérieur Brut","2019","2019","%","24.557734","Fc","Donnée calculée",""
"MK","Indicateurs macro","37","République centrafricaine","6110","Valeur US $","22008","Produit Intérieur Brut","2019","2019","millions","2220.306447","X","Sources internationales sûres",""
"MK","Indicateurs macro","37","République centrafricaine","6129","Croissance annuelle US$","22008","Produit Intérieur Brut","2019","2019","%","-0.030263","Fc","Donnée calculée",""
"MK","Indicateurs macro","117","République de Corée","6110","Valeur US $","22008","Produit Intérieur Brut","2019","2019","millions","1646539.429786","X","Sources internationales sûres",""
"MK","Indicateurs macro","117","République de Corée","6129","Croissance annuelle US$","22008","Produit Intérieur Brut","2019","2019","%","-4.534908","Fc","Donnée calculée",""
"MK","Indicateurs macro","146","République de Moldova","6110","Valeur US $","22008","Produit Intérieur Brut","2019","2019","millions","11955.456615","X","Sources internationales sûres",""
"MK","Indicateurs macro","146","République de Moldova","6129","Croissance annuelle US$","22008","Produit Intérieur Brut","2019","2019","%","4.346637","Fc","Donnée calculée",""
"MK","Indicateurs macro","250","République démocratique du Congo","6110","Valeur US $","22008","Produit Intérieur Brut","2019","2019","millions","47319.623596","X","Sources internationales sûres",""
"MK","Indicateurs macro","250","République démocratique du Congo","6129","Croissance annuelle US$","22008","Produit Intérieur Brut","2019","2019","%","0.36826","Fc","Donnée calculée",""
"MK","Indicateurs macro","120","République démocratique populaire lao","6110","Valeur US $","22008","Produit Intérieur Brut","2019","2019","millions","18822.594747","X","Sources internationales sûres",""
"MK","Indicateurs macro","120","République démocratique populaire lao","6129","Croissance annuelle US$","22008","Produit Intérieur Brut","2019","2019","%","3.753406","Fc","Donnée calculée",""
"MK","Indicateurs macro","56","République dominicaine","6110","Valeur US $","22008","Produit Intérieur Brut","2019","2019","millions","88941.371981","X","Sources internationales sûres",""
"MK","Indicateurs macro","56","République dominicaine","6129","Croissance annuelle US$","22008","Produit Intérieur Brut","2019","2019","%","3.957648","Fc","Donnée calculée",""
"MK","Indicateurs macro","116","République populaire démocratique de Corée","6110","Valeur US $","22008","Produit Intérieur Brut","2019","2019","millions","16331.452313","X","Sources internationales sûres",""
"MK","Indicateurs macro","116","République populaire démocratique de Corée","6129","Croissance annuelle US$","22008","Produit Intérieur Brut","2019","2019","%","-6.609433","Fc","Donnée calculée",""
"MK","Indicateurs macro","215","République-Unie de Tanzanie","6110","Valeur US $","22008","Produit Intérieur Brut","2019","2019","millions","62942.614442","X","Sources internationales sûres",""
"MK","Indicateurs macro","215","République-Unie de Tanzanie","6129","Croissance annuelle US$","22008","Produit Intérieur Brut","2019","2019","%","7.366102","Fc","Donnée calculée",""
"MK","Indicateurs macro","183","Roumanie","6110","Valeur US $","22008","Produit Intérieur Brut","2019","2019","millions","250075.968782","X","Sources internationales sûres",""
"MK","Indicateurs macro","183","Roumanie","6129","Croissance annuelle US$","22008","Produit Intérieur Brut","2019","2019","%","3.497156","Fc","Donnée calculée",""
"MK","Indicateurs macro","229","Royaume-Uni de Grande-Bretagne et d'Irlande du Nord","6110","Valeur US $","22008","Produit Intérieur Brut","2019","2019","millions","2826441.791137","X","Sources internationales sûres",""
"MK","Indicateurs macro","229","Royaume-Uni de Grande-Bretagne et d'Irlande du Nord","6129","Croissance annuelle US$","22008","Produit Intérieur Brut","2019","2019","%","-1.08055","Fc","Donnée calculée",""
"MK","Indicateurs macro","184","Rwanda","6110","Valeur US $","22008","Produit Intérieur Brut","2019","2019","millions","10355.250713","X","Sources internationales sûres",""
"MK","Indicateurs macro","184","Rwanda","6129","Croissance annuelle US$","22008","Produit Intérieur Brut","2019","2019","%","7.457679","Fc","Donnée calculée",""
"MK","Indicateurs macro","189","Sainte-Lucie","6110","Valeur US $","22008","Produit Intérieur Brut","2019","2019","millions","2122.451852","X","Sources internationales sûres",""
"MK","Indicateurs macro","189","Sainte-Lucie","6129","Croissance annuelle US$","22008","Produit Intérieur Brut","2019","2019","%","2.738685","Fc","Donnée calculée",""
"MK","Indicateurs macro","188","Saint-Kitts-et-Nevis","6110","Valeur US $","22008","Produit Intérieur Brut","2019","2019","millions","1050.992593","X","Sources internationales sûres",""
"MK","Indicateurs macro","188","Saint-Kitts-et-Nevis","6129","Croissance annuelle US$","22008","Produit Intérieur Brut","2019","2019","%","3.974029","Fc","Donnée calculée",""
"MK","Indicateurs macro","192","Saint-Marin","6110","Valeur US $","22008","Produit Intérieur Brut","2019","2019","millions","1602.030114","X","Sources internationales sûres",""
"MK","Indicateurs macro","192","Saint-Marin","6129","Croissance annuelle US$","22008","Produit Intérieur Brut","2019","2019","%","-3.221316","Fc","Donnée calculée",""
"MK","Indicateurs macro","191","Saint-Vincent-et-les Grenadines","6110","Valeur US $","22008","Produit Intérieur Brut","2019","2019","millions","825.385185","X","Sources internationales sûres",""
"MK","Indicateurs macro","191","Saint-Vincent-et-les Grenadines","6129","Croissance annuelle US$","22008","Produit Intérieur Brut","2019","2019","%","1.736125","Fc","Donnée calculée",""
"MK","Indicateurs macro","244","Samoa","6110","Valeur US $","22008","Produit Intérieur Brut","2019","2019","millions","844.656299","X","Sources internationales sûres",""
"MK","Indicateurs macro","244","Samoa","6129","Croissance annuelle US$","22008","Produit Intérieur Brut","2019","2019","%","1.332641","Fc","Donnée calculée",""
"MK","Indicateurs macro","193","Sao Tomé-et-Principe","6110","Valeur US $","22008","Produit Intérieur Brut","2019","2019","millions","421.777679","X","Sources internationales sûres",""
"MK","Indicateurs macro","193","Sao Tomé-et-Principe","6129","Croissance annuelle US$","22008","Produit Intérieur Brut","2019","2019","%","1.546108","Fc","Donnée calculée",""
"MK","Indicateurs macro","195","Sénégal","6110","Valeur US $","22008","Produit Intérieur Brut","2019","2019","millions","23664.515068","X","Sources internationales sûres",""
"MK","Indicateurs macro","195","Sénégal","6129","Croissance annuelle US$","22008","Produit Intérieur Brut","2019","2019","%","1.844146","Fc","Donnée calculée",""
"MK","Indicateurs macro","272","Serbie","6110","Valeur US $","22008","Produit Intérieur Brut","2019","2019","millions","51475.03691","X","Sources internationales sûres",""
"MK","Indicateurs macro","272","Serbie","6129","Croissance annuelle US$","22008","Produit Intérieur Brut","2019","2019","%","1.647637","Fc","Donnée calculée",""
"MK","Indicateurs macro","196","Seychelles","6110","Valeur US $","22008","Produit Intérieur Brut","2019","2019","millions","1698.865195","X","Sources internationales sûres",""
"MK","Indicateurs macro","196","Seychelles","6129","Croissance annuelle US$","22008","Produit Intérieur Brut","2019","2019","%","7.112783","Fc","Donnée calculée",""
"MK","Indicateurs macro","197","Sierra Leone","6110","Valeur US $","22008","Produit Intérieur Brut","2019","2019","millions","4121.733685","X","Sources internationales sûres",""
"MK","Indicateurs macro","197","Sierra Leone","6129","Croissance annuelle US$","22008","Produit Intérieur Brut","2019","2019","%","0.896399","Fc","Donnée calculée",""
"MK","Indicateurs macro","200","Singapour","6110","Valeur US $","22008","Produit Intérieur Brut","2019","2019","millions","372073.891716","X","Sources internationales sûres",""
"MK","Indicateurs macro","200","Singapour","6129","Croissance annuelle US$","22008","Produit Intérieur Brut","2019","2019","%","-0.303227","Fc","Donnée calculée",""
"MK","Indicateurs macro","280","Sint Maarten (partie néerlandaise)","6110","Valeur US $","22008","Produit Intérieur Brut","2019","2019","millions","1009","X","Sources internationales sûres",""
"MK","Indicateurs macro","280","Sint Maarten (partie néerlandaise)","6129","Croissance annuelle US$","22008","Produit Intérieur Brut","2019","2019","%","5.765199","Fc","Donnée calculée",""
"MK","Indicateurs macro","199","Slovaquie","6110","Valeur US $","22008","Produit Intérieur Brut","2019","2019","millions","105079.67301","X","Sources internationales sûres",""
"MK","Indicateurs macro","199","Slovaquie","6129","Croissance annuelle US$","22008","Produit Intérieur Brut","2019","2019","%","-0.588691","Fc","Donnée calculée",""
"MK","Indicateurs macro","198","Slovénie","6110","Valeur US $","22008","Produit Intérieur Brut","2019","2019","millions","54174.227309","X","Sources internationales sûres",""
"MK","Indicateurs macro","198","Slovénie","6129","Croissance annuelle US$","22008","Produit Intérieur Brut","2019","2019","%","0.023248","Fc","Donnée calculée",""
"MK","Indicateurs macro","201","Somalie","6110","Valeur US $","22008","Produit Intérieur Brut","2019","2019","millions","1626.302864","X","Sources internationales sûres",""
"MK","Indicateurs macro","201","Somalie","6129","Croissance annuelle US$","22008","Produit Intérieur Brut","2019","2019","%","4.694017","Fc","Donnée calculée",""
"MK","Indicateurs macro","276","Soudan","6110","Valeur US $","22008","Produit Intérieur Brut","2019","2019","millions","34895.36208","X","Sources internationales sûres",""
"MK","Indicateurs macro","276","Soudan","6129","Croissance annuelle US$","22008","Produit Intérieur Brut","2019","2019","%","-27.84766","Fc","Donnée calculée",""
"MK","Indicateurs macro","277","Soudan du Sud","6110","Valeur US $","22008","Produit Intérieur Brut","2019","2019","millions","4959.75692","X","Sources internationales sûres",""
"MK","Indicateurs macro","277","Soudan du Sud","6129","Croissance annuelle US$","22008","Produit Intérieur Brut","2019","2019","%","5.685166","Fc","Donnée calculée",""
"MK","Indicateurs macro","38","Sri Lanka","6110","Valeur US $","22008","Produit Intérieur Brut","2019","2019","millions","84008.773934","X","Sources internationales sûres",""
"MK","Indicateurs macro","38","Sri Lanka","6129","Croissance annuelle US$","22008","Produit Intérieur Brut","2019","2019","%","-4.995296","Fc","Donnée calculée",""
"MK","Indicateurs macro","210","Suède","6110","Valeur US $","22008","Produit Intérieur Brut","2019","2019","millions","530883.869005","X","Sources internationales sûres",""
"MK","Indicateurs macro","210","Suède","6129","Croissance annuelle US$","22008","Produit Intérieur Brut","2019","2019","%","-4.423668","Fc","Donnée calculée",""
"MK","Indicateurs macro","211","Suisse","6110","Valeur US $","22008","Produit Intérieur Brut","2019","2019","millions","731425.471171","X","Sources internationales sûres",""
"MK","Indicateurs macro","211","Suisse","6129","Croissance annuelle US$","22008","Produit Intérieur Brut","2019","2019","%","-0.606577","Fc","Donnée calculée",""
"MK","Indicateurs macro","207","Suriname","6110","Valeur US $","22008","Produit Intérieur Brut","2019","2019","millions","3697.313623","X","Sources internationales sûres",""
"MK","Indicateurs macro","207","Suriname","6129","Croissance annuelle US$","22008","Produit Intérieur Brut","2019","2019","%","6.717097","Fc","Donnée calculée",""
"MK","Indicateurs macro","208","Tadjikistan","6110","Valeur US $","22008","Produit Intérieur Brut","2019","2019","millions","8333.110653","X","Sources internationales sûres",""
"MK","Indicateurs macro","208","Tadjikistan","6129","Croissance annuelle US$","22008","Produit Intérieur Brut","2019","2019","%","7.316296","Fc","Donnée calculée",""
"MK","Indicateurs macro","39","Tchad","6110","Valeur US $","22008","Produit Intérieur Brut","2019","2019","millions","11271.66391","X","Sources internationales sûres",""
"MK","Indicateurs macro","39","Tchad","6129","Croissance annuelle US$","22008","Produit Intérieur Brut","2019","2019","%","-0.882135","Fc","Donnée calculée",""
"MK","Indicateurs macro","167","Tchéquie","6110","Valeur US $","22008","Produit Intérieur Brut","2019","2019","millions","250680.50453","X","Sources internationales sûres",""
"MK","Indicateurs macro","167","Tchéquie","6129","Croissance annuelle US$","22008","Produit Intérieur Brut","2019","2019","%","0.711816","Fc","Donnée calculée",""
"MK","Indicateurs macro","216","Thaïlande","6110","Valeur US $","22008","Produit Intérieur Brut","2019","2019","millions","542016.989179","X","Sources internationales sûres",""
"MK","Indicateurs macro","216","Thaïlande","6129","Croissance annuelle US$","22008","Produit Intérieur Brut","2019","2019","%","7.331722","Fc","Donnée calculée",""
"MK","Indicateurs macro","176","Timor-Leste","6110","Valeur US $","22008","Produit Intérieur Brut","2019","2019","millions","2017.924924","X","Sources internationales sûres",""
"MK","Indicateurs macro","176","Timor-Leste","6129","Croissance annuelle US$","22008","Produit Intérieur Brut","2019","2019","%","29.362873","Fc","Donnée calculée",""
"MK","Indicateurs macro","217","Togo","6110","Valeur US $","22008","Produit Intérieur Brut","2019","2019","millions","7270.01341","X","Sources internationales sûres",""
"MK","Indicateurs macro","217","Togo","6129","Croissance annuelle US$","22008","Produit Intérieur Brut","2019","2019","%","1.926917","Fc","Donnée calculée",""
"MK","Indicateurs macro","219","Tonga","6110","Valeur US $","22008","Produit Intérieur Brut","2019","2019","millions","508.414689","X","Sources internationales sûres",""
"MK","Indicateurs macro","219","Tonga","6129","Croissance annuelle US$","22008","Produit Intérieur Brut","2019","2019","%","5.952825","Fc","Donnée calculée",""
"MK","Indicateurs macro","220","Trinité-et-Tobago","6110","Valeur US $","22008","Produit Intérieur Brut","2019","2019","millions","23208.528233","X","Sources internationales sûres",""
"MK","Indicateurs macro","220","Trinité-et-Tobago","6129","Croissance annuelle US$","22008","Produit Intérieur Brut","2019","2019","%","-1.991926","Fc","Donnée calculée",""
"MK","Indicateurs macro","222","Tunisie","6110","Valeur US $","22008","Produit Intérieur Brut","2019","2019","millions","38797.408926","X","Sources internationales sûres",""
"MK","Indicateurs macro","222","Tunisie","6129","Croissance annuelle US$","22008","Produit Intérieur Brut","2019","2019","%","-2.447942","Fc","Donnée calculée",""
"MK","Indicateurs macro","213","Turkménistan","6110","Valeur US $","22008","Produit Intérieur Brut","2019","2019","millions","48276.466705","X","Sources internationales sûres",""
"MK","Indicateurs macro","213","Turkménistan","6129","Croissance annuelle US$","22008","Produit Intérieur Brut","2019","2019","%","18.472004","Fc","Donnée calculée",""
"MK","Indicateurs macro","223","Turquie","6110","Valeur US $","22008","Produit Intérieur Brut","2019","2019","millions","761425.592207","X","Sources internationales sûres",""
"MK","Indicateurs macro","223","Turquie","6129","Croissance annuelle US$","22008","Produit Intérieur Brut","2019","2019","%","-2.178397","Fc","Donnée calculée",""
"MK","Indicateurs macro","227","Tuvalu","6110","Valeur US $","22008","Produit Intérieur Brut","2019","2019","millions","47.003262","X","Sources internationales sûres",""
"MK","Indicateurs macro","227","Tuvalu","6129","Croissance annuelle US$","22008","Produit Intérieur Brut","2019","2019","%","2.094126","Fc","Donnée calculée",""
"MK","Indicateurs macro","230","Ukraine","6110","Valeur US $","22008","Produit Intérieur Brut","2019","2019","millions","153781.132585","X","Sources internationales sûres",""
"MK","Indicateurs macro","230","Ukraine","6129","Croissance annuelle US$","22008","Produit Intérieur Brut","2019","2019","%","17.478156","Fc","Donnée calculée",""
"MK","Indicateurs macro","234","Uruguay","6110","Valeur US $","22008","Produit Intérieur Brut","2019","2019","millions","56045.952696","X","Sources internationales sûres",""
"MK","Indicateurs macro","234","Uruguay","6129","Croissance annuelle US$","22008","Produit Intérieur Brut","2019","2019","%","-5.958379","Fc","Donnée calculée",""
"MK","Indicateurs macro","155","Vanuatu","6110","Valeur US $","22008","Produit Intérieur Brut","2019","2019","millions","906.666071","X","Sources internationales sûres",""
"MK","Indicateurs macro","155","Vanuatu","6129","Croissance annuelle US$","22008","Produit Intérieur Brut","2019","2019","%","-0.878338","Fc","Donnée calculée",""
"MK","Indicateurs macro","236","Venezuela (République bolivarienne du)","6110","Valeur US $","22008","Produit Intérieur Brut","2019","2019","millions","134960.288472","X","Sources internationales sûres",""
"MK","Indicateurs macro","236","Venezuela (République bolivarienne du)","6129","Croissance annuelle US$","22008","Produit Intérieur Brut","2019","2019","%","-33.839648","Fc","Donnée calculée",""
"MK","Indicateurs macro","237","Viet Nam","6110","Valeur US $","22008","Produit Intérieur Brut","2019","2019","millions","261921.229201","X","Sources internationales sûres",""
"MK","Indicateurs macro","237","Viet Nam","6129","Croissance annuelle US$","22008","Produit Intérieur Brut","2019","2019","%","6.813465","Fc","Donnée calculée",""
"MK","Indicateurs macro","249","Yémen","6110","Valeur US $","22008","Produit Intérieur Brut","2019","2019","millions","24935.391639","X","Sources internationales sûres",""
"MK","Indicateurs macro","249","Yémen","6129","Croissance annuelle US$","22008","Produit Intérieur Brut","2019","2019","%","8.874291","Fc","Donnée calculée",""
"MK","Indicateurs macro","251","Zambie","6110","Valeur US $","22008","Produit Intérieur Brut","2019","2019","millions","23085.06114","X","Sources internationales sûres",""
"MK","Indicateurs macro","251","Zambie","6129","Croissance annuelle US$","22008","Produit Intérieur Brut","2019","2019","%","-14.516007","Fc","Donnée calculée",""
"MK","Indicateurs macro","181","Zimbabwe","6110","Valeur US $","22008","Produit Intérieur Brut","2019","2019","millions","21440.75884","X","Sources internationales sûres",""
"MK","Indicateurs macro","181","Zimbabwe","6129","Croissance annuelle US$","22008","Produit Intérieur Brut","2019","2019","%","-11.808381","Fc","Donnée calculée",""
